<beans xmlns="http://www.springframework.org/schema/beans"
       xmlns:xsi="http://www.w3.org/2001/XMLSchema-instance"
       xmlns:context="http://www.springframework.org/schema/context"
       xmlns:mvc="http://www.springframework.org/schema/mvc"
       xsi:schemaLocation="http://www.springframework.org/schema/beans
        http://www.springframework.org/schema/beans/spring-beans.xsd
        http://www.springframework.org/schema/context http://www.springframework.org/schema/context/spring-context.xsd http://www.springframework.org/schema/mvc http://www.springframework.org/schema/mvc/spring-mvc.xsd">

    <context:component-scan base-package="com.thoughtworks.rnr"/>
    <mvc:annotation-driven />
    <mvc:resources mapping="/images/*" location="/images/" />
    <mvc:resources mapping="/scripts/**" location="/scripts/" />

    <bean class="org.springframework.web.servlet.view.InternalResourceViewResolver">
        <property name="prefix" value="/WEB-INF/pages/"/>
        <property name="suffix" value=".jsp"/>
    </bean>

    <mvc:interceptors>
        <mvc:interceptor>
            <mvc:mapping path="/auth/saml/callback"/>
            <bean class="com.thoughtworks.rnr.interceptor.OktaInterceptor"/>
        </mvc:interceptor>
        <mvc:interceptor>
            <mvc:mapping path="/**"/>
        <bean class="com.thoughtworks.rnr.interceptor.HomeInterceptor"/>
        </mvc:interceptor>
    </mvc:interceptors>

</beans>